Name,Price,Payment_Type,City,State,Country,,,,
carolina,1200,Mastercard,Basildon,England,United Kingdom,,,,
Betina,1200,Visa,Parkville                   ,MO,United States,,,,
Federica e Andrea,1200,Mastercard,Astoria                     ,OR,United States,,,,
Gouya,1200,Visa,Echuca,Victoria,Australia,,,,
Gerd W ,3600,Visa,Cahaba Heights              ,AL,United States,,,,
LAURENCE,1200,Visa,Mickleton                   ,NJ,United States,,,,
Fleur,1200,Mastercard,Peoria                      ,IL,United States,,,,
adam,1200,Mastercard,Martin                      ,TN,United States,,,,
Renee Elisabeth,1200,Mastercard,Tel Aviv,Tel Aviv,Israel,,,,
Aidan,1200,Visa,Chatou,Ile-de-France,France,,,,
Stacy,1200,Diners,New York                    ,NY,United States,,,,
Heidi,1200,Amex,Eindhoven,Noord-Brabant,Netherlands,,,,
Sean ,1200,Mastercard,Shavano Park                ,TX,United States,,,,
Georgia,1200,Visa,Eagle                       ,ID,United States,,,,
Richard,1200,Visa,Riverside                   ,NJ,United States,,,,
Leanne,1200,Diners,Julianstown,Meath,Ireland,,,,
Janet,1200,Visa,Ottawa,Ontario,Canada,,,,
barbara,1200,Diners,Hyderabad,Andhra Pradesh,India,,,,
Sabine,3600,Visa,London,England,United Kingdom,,,,
Hani,1200,Diners,Salt Lake City              ,UT,United States,,,,
Jeremy,1200,Visa,Manchester,England,United Kingdom,,,,
Janis,1200,Diners,Ballynora,Cork,Ireland,,,,
Nicola,1200,Mastercard,Roodepoort,Gauteng,South Africa,,,,
asuman,1200,Visa,Chula Vista                 ,CA,United States,,,,
Lena,1200,Mastercard,Kuopio,Ita-Suomen Laani,Finland,,,,
Lisa,1200,Visa,Sugar Land                  ,TX,United States,,,,
Bryan Kerrene,1200,Diners,New York                    ,NY,United States,,,,
chris,1200,Visa,London,England,United Kingdom,,,,
Maxine,1200,Visa,Morton                      ,IL,United States,,,,
Family,1200,Visa,Los Gatos                   ,CA,United States,,,,
Katherine,1200,Mastercard,New York                    ,NY,United States,,,,
Linda,1200,Mastercard,Miami                       ,FL,United States,,,,
SYLVIA,1200,Mastercard,Vesenaz,Geneve,Switzerland,,,,
Sheila,1200,Diners,Brooklyn                    ,NY,United States,,,,
Stephanie,1200,Mastercard,Badhoevedorp,Noord-Holland,Netherlands,,,,
Kelly,1200,Amex,Reston                      ,VA,United States,,,,
James,3600,Visa,Burpengary,Queensland,Australia,,,,
jennifer,1200,Visa,Phoenix                     ,AZ,United States,,,,
Anneli,1200,Mastercard,Houston                     ,TX,United States,,,,
Ritz,3600,Amex,Pittsfield                  ,VT,United States,,,,
Sylvia,3600,Amex,Pittsfield                  ,VT,United States,,,,
Marie,1200,Mastercard,Ball Ground                 ,GA,United States,,,,
Mehmet Fatih,1200,Visa,Helsingor,Frederiksborg,Denmark,,,,
Anabela,3600,Visa,Flossmoor                   ,IL,United States,,,,
Nicole,1200,Amex,Houston                     ,TX,United States,,,,
Christiane ,3600,Visa,Delray Beach                ,FL,United States,,,,
Sari,1200,Mastercard,Newbury,England,United Kingdom,,,,
simone,1200,Mastercard,Kobenhavn,Kobenhavn,Denmark,,,,
Vanessa,1200,Amex,Sandy Springs               ,GA,United States,,,,
Anupam,1200,Diners,Kinsaley,Dublin,Ireland,,,,
Karina,1200,Visa,Fort Lauderdale             ,FL,United States,,,,
Frank,1200,Mastercard,Melbourne,Victoria,Australia,,,,
Angela,1200,Visa,Ankeny                      ,IA,United States,,,,
Darren,1200,Visa,Pittsboro                   ,NC,United States,,,,
Nikki,1200,Mastercard,New Rochelle                ,NY,United States,,,,
chris,1200,Visa,Gold Coast,Queensland,Australia,,,,
Stephanie,1200,Visa,Brussels,Brussels (Bruxelles),Belgium,,,,
Anushka,1200,Visa,Maple Ridge District Municipality,British Columbia,Canada,,,,
June ,1200,Mastercard,Beachwood                   ,OH,United States,,,,
Baybars,3600,Diners,Prince Albert,Saskatchewan,Canada,,,,
Bonnie,1200,Mastercard,Saltsjobaden,Stockholm,Sweden,,,,
Cindy ,1200,Visa,Kemble,England,United Kingdom,,,,
chrissy,1200,Mastercard,W Lebanon                   ,NH,United States,,,,
Tamar,1200,Mastercard,Headley,England,United Kingdom,,,,
Deirdre,3600,Mastercard,Lausanne,Vaud,Switzerland,,,,
Bernadett,1200,Mastercard,Southampton,England,United Kingdom,,,,
Dottie,1200,Visa,Woodsboro                   ,MD,United States,,,,
Stefan,1200,Visa,Stavanger,Rogaland,Norway,,,,
Gina,1200,Visa,Red Deer,Alberta,Canada,,,,
Lynne,1200,Diners,Memphis                     ,TN,United States,,,,
Tammy,1200,Mastercard,Morges,Vaud,Switzerland,,,,
Kim,1200,Visa,Calgary,Alberta,Canada,,,,
Bruce,1200,Visa,Belleville,Ontario,Canada,,,,
Rosa Maria,1200,Visa,Cincinnati                  ,OH,United States,,,,
Lydia,1200,Visa,Comox,British Columbia,Canada,,,,
Eric,1200,Visa,Gasperich,Luxembourg,Luxembourg,,,,
AnaPaula,1200,Mastercard,Helens Bay,Northern Ireland,United Kingdom,,,,
Robin,1200,Visa,Milan,Lombardy,Italy,,,,
Gitte,1200,Visa,Staten Island               ,NY,United States,,,,
Dr. Claudia,1200,Visa,Oslo,Oslo,Norway,,,,
Crystal,1200,Visa,Farmington,Michigan,United States,,,,
Delphine,1200,Diners,Santa Monica                ,CA,United States,,,,
nathalie,1200,Visa,Calgary,Alberta,Canada,,,,
Lindi,1200,Mastercard,Vancouver,British Columbia,Canada,,,,
Valda,3600,Mastercard,Irvine                      ,CA,United States,,,,
Marcia,3600,Mastercard,Telgte,Nordrhein-Westfalen,Germany,,,,
Kevin,1200,Mastercard,Cheltenham,England,United Kingdom,,,,
Clare,1200,Visa,Keller                      ,VA,United States,,,,
Alice,1200,Visa,Nakskov,Storstrom,Denmark,,,,
ZENA,1200,Mastercard,Honolulu                    ,HI,United States,,,,
Andrea,1200,Visa,Bubuieci,Chisinau,Moldova,,,,
Rennae,1200,Visa,Amelia Island               ,FL,United States,,,,
Gerhard,1200,Visa,Alliston,Ontario,Canada,,,,
Megan,1200,Amex,La Alberca,Murcia,Spain,,,,
Danielle,1200,Mastercard,Rathgar,Dublin,Ireland,,,,
Tod,1200,Mastercard,Coral Gables                ,FL,United States,,,,
Janaina,1200,Visa,Miami                       ,FL,United States,,,,
Kofi,1200,Visa,Vancouver,British Columbia,Canada,,,,
Jennifer,1200,Visa,Jumeira,Dubayy,United Arab Emirates,,,,
Jolene ,1200,Visa,Englewood                   ,CO,United States,,,,
anne,1200,Mastercard,Bournemouth,England,United Kingdom,,,,
Alexis,1200,Mastercard,Genoa                       ,IL,United States,,,,
Dez,1200,Visa,Al 'Adliyah,Al Manamah,Bahrain,,,,
Stephanie,1200,Visa,Rouen,Upper Normandy,France,,,,
Melissa ,1200,Visa,Parkland                    ,FL,United States,,,,
CLARE,1200,Amex,San Francisco               ,CA,United States,,,,
catherine,1200,Mastercard,Keller                      ,VA,United States,,,,
Veronique ,1200,Visa,Tsawwassen,British Columbia,Canada,,,,
Bruce and Camille,1200,Mastercard,Clinton                     ,NJ,United States,,,,
Ellen,1200,Mastercard,Owensboro                   ,KY,United States,,,,
Amy,1200,Visa,Lakewood Village            ,TX,United States,,,,
Anna,1200,Visa,Okotoks,Alberta,Canada,,,,
Regina,1200,Mastercard,Glimmen,Groningen,Netherlands,,,,
Heidi,1200,Visa,Calgary,Alberta,Canada,,,,
Jessica,1200,Visa,Kanata,Ontario,Canada,,,,
Petra,1200,Diners,Bergen,Nordrhein-Westfalen,Germany,,,,
Brian,1200,Visa,College Park                ,MD,United States,,,,
Kenny,1200,Visa,Kailua Kona                 ,HI,United States,,,,
ayse,1200,Amex,Redondo Beach               ,CA,United States,,,,
Maria and Timothy,1200,Amex,Fountain Hls                ,AZ,United States,,,,
IMAN,1200,Visa,Brisbane,Queensland,Australia,,,,
Gerald,2100,Mastercard,Mahopac                     ,NY,United States,,,,
Annelies,1200,Mastercard,Ile-Perrot,Quebec,Canada,,,,
Jocelyn,1200,Amex,Bruxelles,Brussels (Bruxelles),Belgium,,,,
Kara,1200,Visa,Chicago                     ,IL,United States,,,,
Orsi,1200,Visa,Rayford                     ,TX,United States,,,,
Ben,1200,Visa,Escondido                   ,CA,United States,,,,
Sam,1200,Visa,Tesvikiye,Istanbul,Turkey,,,,
Filip and Teresa,1200,Visa,Centurion,Gauteng,South Africa,,,,
Grace ,1200,Visa,York,England,United Kingdom,,,,
Chelsey ,1200,Visa,Ashburn                     ,VA,United States,,,,
Charis,1200,Amex,Los Angeles                 ,CA,United States,,,,
Marlene,1200,Visa,Edgewood                    ,WA,United States,,,,
Fie,1200,Visa,New York                    ,NY,United States,,,,
Nicole ,1200,Diners,Basingstoke,England,United Kingdom,,,,
Linda,1200,Diners,Den Haag,Zuid-Holland,Netherlands,,,,
Janet,1200,Visa,Marietta                    ,GA,United States,,,,
Jamie,1200,Mastercard,Houston                     ,TX,United States,,,,
Chad,1200,Visa,West Orange                 ,NJ,United States,,,,
sunny,1200,Mastercard,Amsterdam,Noord-Holland,Netherlands,,,,
Anna,1200,Visa,Downey                      ,CA,United States,,,,
Roger,1200,Diners,Urlingford,Kilkenny,Ireland,,,,
Si,1200,Mastercard,Holte,Kobenhavn,Denmark,,,,
Sherri,1200,Visa,Freienbach,Schwyz,Switzerland,,,,
Katherine,1200,Mastercard,Hofheim am Taunus,Hessen,Germany,,,,
Clare,1200,Mastercard,Lafayette                   ,CA,United States,,,,
Campbell,1200,Amex,Mushrif,,Kuwait,,,,
Ruth,1200,Visa,Nashville                   ,AR,United States,,,,
Cheryl,3600,Visa,New Malden,England,United Kingdom,,,,
Doug,1200,Visa,Bishop Auckland,England,United Kingdom,,,,
Julianne,7500,Mastercard,Navan,Meath,Ireland,,,,
Shailesh,1200,Visa,Joppa,MD,United States,,,,
Conrad,1200,Visa,Joppa,MD,United States,,,,
Alison,1200,Diners,Hampton                     ,NJ,United States,,,,
Tracy,1200,Mastercard,Louisville                  ,KY,United States,,,,
Kate,1200,Visa,Broadlands                  ,VA,United States,,,,
Sarka,1200,Diners,Yellowknife,Northwest Territories,Canada,,,,
Therese,3600,Visa,Los Angeles                 ,CA,United States,,,,
Abdul-L,3600,Visa,New York                    ,NY,United States,,,,
heidi,3600,Visa,Saint Paul                  ,MN,United States,,,,
jiyoung,3600,Visa,New York                    ,NY,United States,,,,
Klara,1200,Visa,Spring Lake Park            ,MN,United States,,,,
Andrew,1200,Mastercard,Winnipeg,Manitoba,Canada,,,,
Vicki and Bill,1200,Visa,Seattle                     ,WA,United States,,,,
David,1200,Mastercard,Deptford                    ,NJ,United States,,,,
Antonella,1200,Mastercard,Amsterdam,Noord-Holland,Netherlands,,,,
David,1200,Visa,Alpharetta                  ,GA,United States,,,,
Greg,1200,Visa,Washington                  ,DC,United States,,,,
Jannik ,1200,Visa,Holmenkollen,Oslo,Norway,,,,
Sylvia,1200,Visa,Zekeriyakoy,Istanbul,Turkey,,,,
Bernadette,1200,Amex,Washington                  ,DC,United States,,,,
Denise,1200,Diners,Montreal,Quebec,Canada,,,,
Caren,3600,Visa,Braunschweig,Lower Saxony,Germany,,,,
luciana,1200,Visa,Athens                      ,GA,United States,,,,
Maja,1200,Diners,Hoschton                    ,GA,United States,,,,
Kristen,3600,Visa,Binningen,Basel-Country,Switzerland,,,,
Kirstie,1200,Visa,Royal Oak                   ,MI,United States,,,,
Scott ,1200,Visa,Royal Oak                   ,MI,United States,,,,
Jammie,1200,Mastercard,Belmont                     ,MA,United States,,,,
Frank,1200,Mastercard,Old Greenwich               ,CT,United States,,,,
scott,1200,Mastercard,Coconut Grove               ,FL,United States,,,,
Jiri,1200,Visa,Vienna                      ,VA,United States,,,,
Bev,3600,Visa,San Ramon                   ,CA,United States,,,,
Dave and Amy,1200,Visa,Norfolk                     ,VA,United States,,,,
Rebecca,1200,Mastercard,Norfolk                     ,VA,United States,,,,
Melissa,1200,Visa,Aberdeen,Scotland,United Kingdom,,,,
jeremy,1200,Amex,Charlestown,New South Wales,Australia,,,,
Randy,1200,Visa,Wigan,England,United Kingdom,,,,
Djeiny,1200,Visa,Rockville                   ,MD,United States,,,,
Amanda,7500,Mastercard,Shreveport                  ,LA,United States,,,,
Andrea ,1200,Mastercard,Shreveport                  ,LA,United States,,,,
Joanna,1200,Amex,Little Silver               ,NJ,United States,,,,
Jessica,1200,Visa,Abbey Town,England,United Kingdom,,,,
alison,1200,Amex,Mid City West               ,PA,United States,,,,
malin,1200,Visa,Atlanta,Georgia,United States,,,,
Tiffany ,3600,Visa,Paris,Ile-de-France,France,,,,
Genevieve,1200,Visa,Milton Keynes,England,United Kingdom,,,,
Saraya,1200,Mastercard,Dresden,Saxony,Germany,,,,
Anastasia,1200,Mastercard,NYC                         ,NY,United States,,,,
Elizabeth,1200,Visa,The Grange,Queensland,Australia,,,,
Nicole,1200,Visa,Brookline                   ,MA,United States,,,,
Jeffrey,1200,Visa,Montreal-Nord,Quebec,Canada,,,,
Blanca Gabriela ,1200,Mastercard,Irving                      ,TX,United States,,,,
Elisa,1200,Amex,Ottawa Hills                ,OH,United States,,,,
Patricia ,3600,Mastercard,Portola Valley              ,CA,United States,,,,
Bob,1200,Visa,Sydney,New South Wales,Australia,,,,
Kristyn,7500,Visa,Kearns                      ,UT,United States,,,,
Elizabeth,1200,Visa,Wollongong,New South Wales,Australia,,,,
Cathy,1200,Amex,Brooklyn                    ,NY,United States,,,,
Kaylee,3600,Amex,Penngrove                   ,CA,United States,,,,
suzanne,1200,Visa,Lemont                      ,IL,United States,,,,
Cassandra,1200,Mastercard,San Carlos                  ,CA,United States,,,,
Jennifer,1200,Mastercard,Chicago                     ,IL,United States,,,,
nicole,1200,Visa,Oslo,Oslo,Norway,,,,
Sean,1200,Visa,Wantagh,NY,United States,,,,
Morgan,1200,Mastercard,Coomera,Queensland,Australia,,,,
Harriet,1200,Diners,Fort Oglethorpe             ,GA,United States,,,,
Janine,1200,Mastercard,Corbin City                 ,NJ,United States,,,,
Debora,1200,Mastercard,Lakeside                    ,CA,United States,,,,
Vishpala,1200,Visa,Margate                     ,FL,United States,,,,
Emer,1200,Amex,South Palm Beach            ,FL,United States,,,,
john,1200,Diners,New York                    ,NY,United States,,,,
lailani,1200,Mastercard,Anchorage                   ,AK,United States,,,,
STEPHANIE,3600,Visa,Mona Vale,New South Wales,Australia,,,,
Tricia,1200,Visa,Castricum,Noord-Holland,Netherlands,,,,
Celina,1200,Visa,North Brunswick             ,NJ,United States,,,,
Rosemary,3600,Visa,Jacksonville                ,FL,United States,,,,
Patrick,1200,Visa,Baytown                     ,TX,United States,,,,
Jacob,1200,Mastercard,Winter Haven                ,FL,United States,,,,
elisabeth,1200,Visa,Gonzaga Univ                ,WA,United States,,,,
ayelet,3600,Visa,Malmo,Skane,Sweden,,,,
seemab,3600,Visa,San Pawl tat-Targa, ,Malta,,,,
Lucien,3600,Amex,Wiesbaden,Hessen,Germany,,,,
Kevin ,1200,Visa,London,England,United Kingdom,,,,
Liban,1200,Mastercard,Stavanger,Rogaland,Norway,,,,
Lesley,3600,Diners,Cork,Cork,Ireland,,,,
Marie,1200,Visa,Winchester                  ,MA,United States,,,,
Charlene,1200,Visa,Calgary,Alberta,Canada,,,,
Orit,1200,Visa,Dallas                      ,TX,United States,,,,
Alan,1200,Visa,Malahide,Dublin,Ireland,,,,
Anja Langer,3600,Mastercard,Saint Paul                  ,MN,United States,,,,
Lina,1200,Visa,Edinburgh,Scotland,United Kingdom,,,,
Larry,1200,Amex,Naarden,Noord-Holland,Netherlands,,,,
Jessica,1200,Visa,Oldenburg,Lower Saxony,Germany,,,,
Marion,7500,Visa,Rennes,Brittany,France,,,,
Eric,1200,Amex,Ely                         ,NV,United States,,,,
Miriane,1200,Amex,Norfolk                     ,VA,United States,,,,
Jeff,1200,Visa,Houston                     ,TX,United States,,,,
christina,1200,Diners,Chepel,Budapest,Hungary,,,,
Shannon,1200,Mastercard,Buffalo Grove               ,IL,United States,,,,
Angela,1200,Mastercard,Newburgh,Scotland,United Kingdom,,,,
Angela,1200,Visa,Vienna,Vienna,Austria,,,,
Elaine,1200,Mastercard,Vicenza,Veneto,Italy,,,,
Helen,1200,Visa,Mechanics Grove             ,PA,United States,,,,
Fatisha,3600,Amex,Miami                       ,FL,United States,,,,
Nina,1200,Visa,Silver Spring               ,MD,United States,,,,
Barbara,3600,Visa,Kirriemuir,Scotland,United Kingdom,,,,
Karen,1200,Diners,Roquefort,Provence-Alpes-Cote d'Azur,France,,,,
Georgina,1200,Visa,Portland                    ,OR,United States,,,,
Kellie,1200,Diners,Staten Island               ,NY,United States,,,,
Terry,1200,Mastercard,San Antonio                 ,TX,United States,,,,
LAURIE,3600,Visa,Guildford,England,United Kingdom,,,,
frauke,1200,Visa,Horten,Vestfold,Norway,,,,
Cindy,3600,Mastercard,Englewood                   ,CO,United States,,,,
Simone,1200,Visa,San Antonio                 ,TX,United States,,,,
Hilde ,1200,Visa,Princeville                 ,HI,United States,,,,
Leah,1200,Visa,Castleknock,Dublin,Ireland,,,,
Laine,1200,Visa,Castleknock,Dublin,Ireland,,,,
kirsten,1200,Visa,Bishops Stortford,England,United Kingdom,,,,
Elizabeth,3600,Mastercard,Den Haag,Zuid-Holland,Netherlands,,,,
Anna,1200,Mastercard,Lafayette                   ,CA,United States,,,,
Babs,1200,Diners,Blackpool,England,United Kingdom,,,,
Gerlinde,1200,Mastercard,Hellerup,Kobenhavn,Denmark,,,,
Hollyn,1200,Mastercard,London,England,United Kingdom,,,,
leiser,1200,Visa,N Java                      ,NY,United States,,,,
Irene,3600,Mastercard,Munich,Bayern,Germany,,,,
Lisa,1200,Amex,Brulon,Pays de la Loire,France,,,,
Ann,1200,Visa,Austin                      ,TX,United States,,,,
Nichol Jane,1200,Mastercard,Midland Park                ,NJ,United States,,,,
Beatriz,1200,Amex,Centerport                  ,NY,United States,,,,
corina,1200,Mastercard,Neustift am Walde,Vienna,Austria,,,,
manon,1200,Mastercard,Neustift am Walde,Vienna,Austria,,,,
Isabelle,1200,Diners,Shorewood                   ,MN,United States,,,,
Lynne,1200,Visa,Southlake                   ,TX,United States,,,,
Doug,1200,Mastercard,Huntington                  ,NY,United States,,,,
AMY,1200,Mastercard,The Woodlands               ,TX,United States,,,,
Kim,1200,Visa,Kelowna,British Columbia,Canada,,,,
HELIDA,1200,Mastercard,White House                 ,TN,United States,,,,
Cameron,1200,Visa,Rungsted,Frederiksborg,Denmark,,,,
Wendy,1200,Mastercard,Lake Mahopac                ,NY,United States,,,,
Jane,3600,Mastercard,Biot,Provence-Alpes-Cote d'Azur,France,,,,
shelby,3600,Visa,Plantation                  ,FL,United States,,,,
Tara,1200,Mastercard,Killiney,Dublin,Ireland,,,,
James,1200,Amex,Guer,Brittany,France,,,,
Heloise ,800,Amex,Arlington                   ,VA,United States,,,,
Gabriel,1200,Mastercard,Three Hills,Alberta,Canada,,,,
Jodie ,1200,Visa,Great Falls,Virginia,United States,,,,
Jeremy,1200,Amex,London,England,United Kingdom,,,,
Helga,1200,Visa,Clontarf,Dublin,Ireland,,,,
Eleanor,1200,Visa,Vancouver,British Columbia,Canada,,,,
Miss,1200,Diners,London,England,United Kingdom,,,,
Marie,1200,Visa,Dickerson                   ,MD,United States,,,,
Lisa,1200,Mastercard,Princeton                   ,NJ,United States,,,,
Priska,1200,Mastercard,Calgary,Alberta,Canada,,,,
Katrine,1200,Visa,North Tustin                ,CA,United States,,,,
Lisa,1200,Amex,Gurgaon,Haryana,India,,,,
Sabrina,1200,Visa,Rambouillet,Ile-de-France,France,,,,
prof,1200,Visa,Gladwyne                    ,PA,United States,,,,
KeithMichelle,1200,Mastercard,Houston                     ,TX,United States,,,,
Kim,1200,Mastercard,London,England,United Kingdom,,,,
anissa,1200,Visa,Slough,England,United Kingdom,,,,
john,1200,Mastercard,Glan-Munchweiler,Rhineland-Palatinate,Germany,,,,
Miye,3600,Visa,Downingtown                 ,PA,United States,,,,
Heidi,1200,Diners,MT Pleasant                 ,TX,United States,,,,
T,1200,Mastercard,Veigy-Foncenex,Rhone-Alpes,France,,,,
Daniele,3600,Visa,Katy                        ,TX,United States,,,,
luisa,1200,Diners,Gorey, ,Jersey,,,,
Nadine,1200,Visa,Belgrade                    ,MT,United States,,,,
Tina,1200,Mastercard,Calgary,Alberta,Canada,,,,
Damali,1200,Diners,Toronto,Ontario,Canada,,,,
Katherine,1200,Visa,Corrales                    ,NM,United States,,,,
Kathryn,1200,Visa,Cork,Cork,Ireland,,,,
Veronique,1200,Diners,Tenafly                     ,NJ,United States,,,,
Erica,1200,Visa,Leesburg                    ,VA,United States,,,,
L,1200,Visa,Alcona,Ontario,Canada,,,,
Diana,1200,Mastercard,Kuala Lumpur,Kuala Lumpur,Malaysia,,,,
Emma,1200,Mastercard,Sydney,New South Wales,Australia,,,,
Marina,1200,Visa,Nerang,Queensland,Australia,,,,
Natalie ,1200,Mastercard,Bryceville                  ,FL,United States,,,,
Brenda,1200,Diners,Saffron Walden,England,United Kingdom,,,,
Nita,1200,Diners,Sutton,Dublin,Ireland,,,,
Marian,1200,Mastercard,Durban,KwaZulu-Natal,South Africa,,,,
Kevin,1200,Visa,Berkeswell,England,United Kingdom,,,,
cari,1200,Visa,Dryden                      ,VA,United States,,,,
Cassandra,1200,Visa,Santry,Dublin,Ireland,,,,
Christof and Heidi,1200,Amex,Barcelona,Catalonia,Spain,,,,
Ina,1200,Visa,Fayetteville                ,NC,United States,,,,
Lisa,1200,Visa,Anse Comeau,Quebec,Canada,,,,
Camille and Carmen,1200,Visa,Thorlakshofn, ,Iceland,,,,
Trina,3600,Visa,Overland                    ,KS,United States,,,,
Ginger,1200,Visa,King City,Ontario,Canada,,,,
breon,1200,Visa,Leighton Buzzard,England,United Kingdom,,,,
Marion,1200,Visa,Umea,Vasterbotten,Sweden,,,,
Pia ,1200,Mastercard,Sola,Rogaland,Norway,,,,
Dr. Donald,1200,Visa,Stockton-on-Tees,England,United Kingdom,,,,
Jenna and Paul,3600,Visa,Senatobia                   ,MS,United States,,,,
Rebecca,1200,Mastercard,Berlin,Berlin,Germany,,,,
Monique,1200,Mastercard,Waldorf                     ,MD,United States,,,,
lilia ,1200,Diners,Brooklyn                    ,NY,United States,,,,
Lainey,1200,Mastercard,Lakeville                   ,MN,United States,,,,
Jag,3600,Mastercard,Saint-Cergues,Rhone-Alpes,France,,,,
Charlene ,1200,Mastercard,Vancouver,British Columbia,Canada,,,,
Fiona,1200,Amex,Stamford                    ,CT,United States,,,,
burt,1200,Mastercard,Rathfarnham,Dublin,Ireland,,,,
Maggie,3600,Visa,Paris,Ile-de-France,France,,,,
Stanford,1200,Mastercard,Howell                      ,MI,United States,,,,
ruth,1200,Amex,Encinitas                   ,CA,United States,,,,
Courtney,1200,Visa,Atchison                    ,KS,United States,,,,
Courtney,3600,Amex,Mililani                    ,HI,United States,,,,
Anthony,1200,Diners,Victor                      ,NY,United States,,,,
Eleanor,1200,Visa,Fairbanks                   ,AK,United States,,,,
GAIA,1200,Visa,Soro,Vestsjalland,Denmark,,,,
Zane,1200,Mastercard,Warlingham,England,United Kingdom,,,,
Beate,1200,Mastercard,Hamburg,Hamburg,Germany,,,,
BALA,1200,Amex,Accokeek                    ,MD,United States,,,,
Mrs,1200,Visa,Sunnyvale                   ,CA,United States,,,,
Vanessa,1200,Diners,Ithaca                      ,NY,United States,,,,
Amanda,1200,Amex,Houston                     ,TX,United States,,,,
alex ,1200,Mastercard,Farmingtn Hls               ,MI,United States,,,,
T,1200,Mastercard,Brooklyn                    ,NY,United States,,,,
Alva and Martin,1200,Mastercard,Great Falls                 ,VA,United States,,,,
Anett,1200,Visa,Gosport,England,United Kingdom,,,,
Jacqui,3600,Mastercard,Scottsdale                  ,AZ,United States,,,,
KERRY,1200,Visa,Sunnyvale                   ,CA,United States,,,,
DeeDee,1200,Visa,Songnae-dong,Soul-t'ukpyolsi,South Korea,,,,
leanne,3600,Mastercard,Clyde Hill                  ,WA,United States,,,,
katie,1200,Visa,Ruschlikon,Zurich,Switzerland,,,,
Marina,1200,Visa,Minneapolis                 ,MN,United States,,,,
camilla,1200,Visa,Chicago                     ,IL,United States,,,,
pirunkit,1200,Visa,Petworth,England,United Kingdom,,,,
Kathrin,1200,Diners,Abu Dhabi,Abu Zaby,United Arab Emirates,,,,
Kate,1200,Mastercard,Stockholm,Stockholm,Sweden,,,,
Maie,1200,Mastercard,Queen Creek                 ,AZ,United States,,,,
verena,1250,Mastercard,Queen Creek                 ,AZ,United States,,,,
Marie-Christine,1200,Visa,Durham                      ,NC,United States,,,,
Gabriella,1200,Mastercard,Austin                      ,TX,United States,,,,
valerie et nicolas,1200,Mastercard,Glenn Dale                  ,MD,United States,,,,
Nicole,1200,Visa,Aardal,Sogn og Fjordane,Norway,,,,
Renee,1200,Visa,Edinburg                    ,TX,United States,,,,
Nicole,1200,Mastercard,South Melbourne,Victoria,Australia,,,,
Joachim,1200,Mastercard,Fortaleza,Ceara,Brazil,,,,
Monica ,1200,Visa,Weston                      ,CT,United States,,,,
Nanci,1200,Visa,Reading,England,United Kingdom,,,,
Laura,1200,Mastercard,Coconut Grove               ,FL,United States,,,,
ciara and mike,1200,Visa,London,England,United Kingdom,,,,
Sarah,1200,Visa,San Francisco               ,CA,United States,,,,
Anne-line,3600,Mastercard,Zug,Zug,Switzerland,,,,
Ulrika,3600,Mastercard,Scottsdale                  ,AZ,United States,,,,
leigh,1200,Amex,Potomac Falls               ,VA,United States,,,,
Nuria,1200,Mastercard,Superior                    ,CO,United States,,,,
Tejal,1200,Mastercard,London,England,United Kingdom,,,,
Ignacio,1200,Mastercard,Engleside                   ,VA,United States,,,,
ZOE,1200,Visa,New Plymouth City,Taranaki,New Zealand,,,,
nihan,1200,Mastercard,Roanoke                     ,VA,United States,,,,
alan,1200,Visa,Norcross                    ,GA,United States,,,,
lydia,1200,Amex,Sandy Plains                ,GA,United States,,,,
Tracey,1200,Visa,Saint Catharines,Ontario,Canada,,,,
Anja,1200,Visa,Gainesville                 ,VA,United States,,,,
Jennifer,1200,Diners,Nordstrand,Oslo,Norway,,,,
Holly,1200,Visa,Arlington                   ,MA,United States,,,,
megan,1200,Diners,West Hills                  ,CA,United States,,,,
Tarah,1200,Mastercard,San Jose                    ,CA,United States,,,,
Gerardo,1200,Visa,London,England,United Kingdom,,,,
Joanne,1200,Visa,Oak Park                    ,MI,United States,,,,
Margaret,1200,Visa,Terrell Hills               ,TX,United States,,,,
Laura,1200,Visa,Jumeira,Dubayy,United Arab Emirates,,,,
Whitney,1200,Visa,Falmouth                    ,VA,United States,,,,
Ravinder,1200,Visa,Lurgan,Northern Ireland,United Kingdom,,,,
Pam,1200,Visa,Richmond                    ,TX,United States,,,,
Celina,1200,Mastercard,Den Haag,Zuid-Holland,Netherlands,,,,
Heather,1200,Diners,Ooltewah                    ,TN,United States,,,,
Kathryn,1200,Mastercard,Pacific Beach               ,CA,United States,,,,
Michele ,1200,Visa,Austin                      ,TX,United States,,,,
Craig,1200,Visa,Seattle                     ,WA,United States,,,,
Kim,1200,Visa,Seattle                     ,WA,United States,,,,
maria,1200,Amex,Ottawa,Ontario,Canada,,,,
Elaine,1200,Visa,Vienna                      ,VA,United States,,,,
Madison,1200,Visa,Torbay,Auckland,New Zealand,,,,
Amanda,1200,Visa,Shenfield,England,United Kingdom,,,,
Krista,1200,Visa,Bergen,Hordaland,Norway,,,,
Sarah,1200,Visa,Bolton,England,United Kingdom,,,,
Sarah,1200,Mastercard,Sandymount,Dublin,Ireland,,,,
Pamela,3600,Amex,Bellinzona,Ticino,Switzerland,,,,
Christine,1200,Visa,Antwerpen,Antwerpen,Belgium,,,,
Diana,7500,Mastercard,Campinas,Sao Paulo,Brazil,,,,
mary,1200,Amex,Nacka,Stockholm,Sweden,,,,
Helena,1200,Visa,Fremont                     ,CA,United States,,,,
nina,1200,Visa,Warwick,Queensland,Australia,,,,
Mark,1200,Amex,Holmdel                     ,NJ,United States,,,,
alice and rudolf,1200,Visa,Baltimore                   ,MD,United States,,,,
Costanza,1200,Visa,Saggart,Dublin,Ireland,,,,
Yoko,1200,Mastercard,Andover                     ,MA,United States,,,,
Barbara,1200,Mastercard,La Crescenta                ,CA,United States,,,,
Kit,1200,Mastercard,Suwanee                     ,GA,United States,,,,
cristina,3600,Visa,Seattle                     ,WA,United States,,,,
linda,1200,Amex,Arlington                   ,VA,United States,,,,
Christyna,1200,Mastercard,Calgary,Alberta,Canada,,,,
Alicja ,1200,Visa,Kenmore                     ,WA,United States,,,,
Rachel,1200,Visa,Fresno                      ,CA,United States,,,,
Rachel,1200,Amex,Atascadero                  ,CA,United States,,,,
Jan,1200,Visa,Barcelona,Catalonia,Spain,,,,
Karin,1200,Diners,High Wycombe,England,United Kingdom,,,,
ron ,3600,Amex,Tsaritsyno,Moscow City,Russia,,,,
Sharon,1200,Mastercard,Ajax,Ontario,Canada,,,,
Anna,1200,Mastercard,New York                    ,NY,United States,,,,
Laura,1200,Mastercard,Fairfield                   ,IA,United States,,,,
Yana,1200,Visa,North Bay,Ontario,Canada,,,,
Katherine,1200,Visa,Marietta                    ,GA,United States,,,,
Therese,1200,Diners,Clontarf,Dublin,Ireland,,,,
Francoise ,1200,Amex,Danville                    ,PA,United States,,,,
Elizabeth,3600,Amex,Okotoks,Alberta,Canada,,,,
Corinne,1200,Amex,Anthem                      ,AZ,United States,,,,
Ec,1200,Visa,Clonmel,Tipperary,Ireland,,,,
Carmen,1200,Visa,Arlington                   ,VA,United States,,,,
Brittany,3600,Amex,Orlando                     ,FL,United States,,,,
Sandrine,1200,Mastercard,Walnut Creek                ,CA,United States,,,,
asuncion ,1200,Mastercard,Centennial                  ,CO,United States,,,,
Sophie,1200,Visa,Newtown                     ,CT,United States,,,,
Henrietta,1200,Amex,Vancouver,British Columbia,Canada,,,,
DD,1200,Visa,York,England,United Kingdom,,,,
Jennifer,1200,Visa,Drogheda,Louth,Ireland,,,,
samuel,1200,Visa,Saddle Brook                ,NJ,United States,,,,
Angelina  Patrick,1200,Amex,San Diego                   ,CA,United States,,,,
Sven,1200,Visa,Issaquah                    ,WA,United States,,,,
Toni,1200,Visa,Bolton,England,United Kingdom,,,,
Patrick,1200,Visa,Lexington                   ,MA,United States,,,,
jason,1200,Visa,Altadena                    ,CA,United States,,,,
Tabatha,250,Visa,Altadena                    ,CA,United States,,,,
Aline,3600,Visa,Davis                       ,CA,United States,,,,
Debra,3600,Visa,Toronto,Ontario,Canada,,,,
Natasha,1200,Mastercard,Pasadena                    ,CA,United States,,,,
Melinda,1200,Mastercard,Buffalo Grove               ,IL,United States,,,,
Luc1nda,1200,Visa,London,England,United Kingdom,,,,
Kim,1200,Visa,Newcastle,Wicklow,Ireland,,,,
Britlyn ,1200,Amex,Norwalk                     ,CT,United States,,,,
Adam,1200,Diners,Besancon,Franche-Comte,France,,,,
Mimi,1200,Visa,Monte-Carlo, ,Monaco,,,,
Liann,1200,Visa,Monaco, ,Monaco,,,,
Sarah,1200,Mastercard,Floyds Knobs                ,IN,United States,,,,
Naseer,1200,Diners,London,England,United Kingdom,,,,
Caroline,1200,Amex,Marietta                    ,GA,United States,,,,
Karena,1800,Amex,Marietta                    ,GA,United States,,,,
janet,1200,Amex,Hon                         ,HI,United States,,,,
Hans,7500,Visa,Knoxville                   ,TN,United States,,,,
Sandra  Thierry  Zoe,1200,Visa,Knoxville                   ,TN,United States,,,,
Eleanor,1200,Mastercard,Edinburgh,Scotland,United Kingdom,,,,
Anna,1200,Visa,Paris,Ile-de-France,France,,,,
Cara ,1200,Visa,Humble                      ,TX,United States,,,,
carolien,1200,Visa,Mashpee                     ,MA,United States,,,,
Ana,1200,Mastercard,Hong Kong, ,Hong Kong,,,,
Patrick,1200,Visa,Birmingham                  ,MI,United States,,,,
Heidi,1200,Visa,St Augustine                ,FL,United States,,,,
Tom,1200,Visa,Salt Lake City              ,UT,United States,,,,
Justine,1200,Amex,Seattle                     ,WA,United States,,,,
isabel,1200,Visa,Ruti,Zurich,Switzerland,,,,
scott,7500,Visa,Rogers                      ,AR,United States,,,,
Fatima,1200,Visa,Rogers                      ,AR,United States,,,,
Judy,1200,Visa,Dun Laoghaire,Dublin,Ireland,,,,
Glenn,1200,Visa,Perth,Scotland,United Kingdom,,,,
Family in,1200,Amex,London,England,United Kingdom,,,,
Lauren,1200,Visa,Gries,Rhineland-Palatinate,Germany,,,,
Michael,7500,Visa,Pietermaritzburg,KwaZulu-Natal,South Africa,,,,
Jodi,1200,Visa,Sutton Valence,England,United Kingdom,,,,
simone,1200,Mastercard,Lyngby,Kobenhavn,Denmark,,,,
Sonja,1200,Diners,Alpine                      ,NJ,United States,,,,
Shane,1200,Mastercard,Zurich,Zurich,Switzerland,,,,
Ruth,3600,Amex,Saskatoon,Saskatchewan,Canada,,,,
Cleo,1200,Mastercard,Pacific Palisades           ,CA,United States,,,,
Benoit,1200,Diners,Fort Saint James,British Columbia,Canada,,,,
Claire,1200,Amex,Versoix,Geneve,Switzerland,,,,
Claire,1200,Visa,Trumansburg                 ,NY,United States,,,,
Lindsey,1200,Visa,Kennett Square              ,PA,United States,,,,
Nicola,3600,Visa,San Jose                    ,CA,United States,,,,
PATRICK,3600,Mastercard,Ban Khlong Sip,Krung Thep,Thailand,,,,
jennifer,1200,Visa,Morro Bay                   ,CA,United States,,,,
Amy,1200,Visa,Parramatta,New South Wales,Australia,,,,
Whitney,1200,Mastercard,Dumbleton,England,United Kingdom,,,,
Astrid,1200,Visa,Altlengbach,Lower Austria,Austria,,,,
jo,1200,Visa,Ballincollig,Cork,Ireland,,,,
Michelle,1200,Visa,Ballincollig,Cork,Ireland,,,,
TG,1200,Mastercard,Zagore,Stara Zagora,Bulgaria,,,,
Emily,1200,Mastercard,Vecmilgravis,Riga,Latvia,,,,
Niki,3600,Visa,Trelex,Vaud,Switzerland,,,,
Sarah,1200,Visa,Ornex,Rhone-Alpes,France,,,,
sherry,1200,Visa,Las Vegas                   ,NV,United States,,,,
Laura,3600,Amex,San Anselmo                 ,CA,United States,,,,
Carmela,1200,Mastercard,Hannover,Lower Saxony,Germany,,,,
Matt,1200,Diners,N Woodmere                  ,NY,United States,,,,
Karen,1200,Visa,Madrid,Madrid,Spain,,,,
Joanne,1200,Visa,Castlebar,Mayo,Ireland,,,,
Stephanie,1200,Visa,Fairfax                     ,CA,United States,,,,
Hurst,1200,Visa,Chandler                    ,AZ,United States,,,,
Liza,1200,Visa,Dammeron Valley             ,UT,United States,,,,
Michele,1200,Mastercard,Buffalo                     ,NY,United States,,,,
Karin,7500,Visa,Olive Branch                ,MS,United States,,,,
cath,1200,Amex,Warwick                     ,NY,United States,,,,
eva,3600,Visa,Gisborne,Victoria,Australia,,,,
Andrea ,1200,Amex,San Mateo                   ,CA,United States,,,,
Sabine,1200,Mastercard,Milton Keynes,England,United Kingdom,,,,
Aideen and Jonathan,1200,Mastercard,Kecskemet,Bacs-Kiskun,Hungary,,,,
George,1200,Visa,Nakskov,Storstrom,Denmark,,,,
Helen,1200,Visa,Aloma                       ,FL,United States,,,,
C,1200,Diners,Chandler                    ,AZ,United States,,,,
chris,1200,Visa,Kjobenhavn,Staden Kobenhavn,Denmark,,,,
maggie,1200,Visa,Stockton,England,United Kingdom,,,,
Mareike,1200,Amex,Cumming                     ,GA,United States,,,,
lamia,1200,Visa,Little Compton              ,RI,United States,,,,
Madhu,1200,Visa,Centennial                  ,CO,United States,,,,
sandhya,"13,000",Visa,Centennial                  ,CO,United States,,,,
Kimberly,1200,Amex,Herndon                     ,VA,United States,,,,
Tania,1200,Visa,Vista                       ,CA,United States,,,,
andrea,1200,Visa,Oostburg                    ,WI,United States,,,,
John,1200,Mastercard,Griffith,New South Wales,Australia,,,,
carol,3600,Visa,Ann Arbor                   ,MI,United States,,,,
Nona,1200,Visa,South Jordan                ,UT,United States,,,,
Family,3600,Visa,Dubai,Dubayy,United Arab Emirates,,,,
Michelle,3600,Visa,Dubai,Dubayy,United Arab Emirates,,,,
Kathryn,3600,Visa,Kirriemuir,Scotland,United Kingdom,,,,
Oswald,1200,Visa,Tramore,Waterford,Ireland,,,,
Elyssa,1200,Visa,Gdansk,Pomorskie,Poland,,,,
michelle,1200,Visa,Arklow,Wicklow,Ireland,,,,
Alicia,1200,Mastercard,Lincoln                     ,NE,United States,,,,
JP,1200,Mastercard,Tierp,Uppsala,Sweden,,,,
Geraldine,3600,Visa,Brussels,Brussels (Bruxelles),Belgium,,,,
sandra,1200,Mastercard,Burr Oak                    ,IA,United States,,,,
Olivia,1200,Visa,Wheaton                     ,IL,United States,,,,
Tom,3600,Mastercard,Killeen                     ,TX,United States,,,,
Annette ,1200,Visa,Manhattan                   ,NY,United States,,,,
SUSAN,1200,Visa,Oxford,England,United Kingdom,,,,
Michael,3600,Visa,Paris,Ile-de-France,France,,,,
ashton,1200,Visa,Exeter,England,United Kingdom,,,,
Scott,1200,Visa,Rungsted,Frederiksborg,Denmark,,,,
Pam,3600,Visa,London,England,United Kingdom,,,,
Lisa ,1200,Visa,Borja,Bohol,Philippines,,,,
Pavel,3600,Mastercard,London,England,United Kingdom,,,,
Richard,1200,Visa,Jamestown                   ,RI,United States,,,,
Jasinta Jeanne,1200,Visa,Owings Mills                ,MD,United States,,,,
Rachel,1200,Visa,Hamilton,Ontario,Canada,,,,
Cherish ,1200,Amex,Anchorage                   ,AK,United States,,,,
Shona ,1200,Visa,Mornington,Meath,Ireland,,,,
Abikay,1200,Mastercard,Fullerton                   ,CA,United States,,,,
Abikay,1200,Amex,Atlanta                     ,GA,United States,,,,
Kendra,3600,Visa,Toronto,Ontario,Canada,,,,
amanda,1200,Visa,Liverpool,England,United Kingdom,,,,
Leila,3600,Amex,Ponte San Nicolo,Veneto,Italy,,,,
amanda,1200,Amex,Las Vegas                   ,NV,United States,,,,
Stacy,1200,Visa,Rochester Hills             ,MI,United States,,,,
Derrick,3600,Visa,North Bay,Ontario,Canada,,,,
Jacob,1200,Visa,Lindfield,New South Wales,Australia,,,,
DOREEN,1200,Mastercard,Madrid,Madrid,Spain,,,,
eugenia,1200,Diners,Wisconsin Rapids            ,WI,United States,,,,
Karen,1200,Visa,Austin                      ,TX,United States,,,,
Bea,1200,Visa,Chicago                     ,IL,United States,,,,
Hilde Karin,1200,Diners,Las Vegas                   ,NV,United States,,,,
Rima,1200,Visa,Mullingar,Westmeath,Ireland,,,,
Ruangrote,1200,Visa,Melbourne,Victoria,Australia,,,,
pamela,1200,Amex,Ayacucho,Buenos Aires,Argentina,,,,
Emillie,3600,Visa,Eagan                       ,MN,United States,,,,
sangeeta,1200,Visa,Vossevangen,Hordaland,Norway,,,,
Anja,1200,Visa,Ferney-Voltaire,Rhone-Alpes,France,,,,
Andrew,1200,Mastercard,Sevilla,Andalucia,Spain,,,,
Bato,1200,Visa,Munchengosserstadt,Thuringia,Germany,,,,
Ailsa ,1200,Mastercard,Lindenhurst                 ,NY,United States,,,,
Sophie,1200,Visa,Bloomfield                  ,MI,United States,,,,
Katrin,1200,Visa,Calgary,Alberta,Canada,,,,
Kelly ,3600,Mastercard,Vancouver,British Columbia,Canada,,,,
Tomasz,1200,Visa,Klampenborg,Kobenhavn,Denmark,,,,
Elizabeth,1200,Visa,Calne,England,United Kingdom,,,,
Michael,3600,Amex,Los Angeles                 ,CA,United States,,,,
Natasha,3600,Visa,Milano,Lombardy,Italy,,,,
Meredith,3600,Mastercard,Kloten,Zurich,Switzerland,,,,
Nicole,1200,Mastercard,Fayetteville                ,NC,United States,,,,
Ryan,1200,Visa,Simpsonville                ,SC,United States,,,,
Mary ,1200,Visa,Auckland,Auckland,New Zealand,,,,
Aaron,1200,Diners,Reading,England,United Kingdom,,,,
Bertrand,1200,Visa,North Caldwell              ,NJ,United States,,,,
Zoe,1200,Mastercard,Coventry,England,United Kingdom,,,,
Trine Marie,1200,Mastercard,Orillia,Ontario,Canada,,,,
Kim,1200,Diners,Paris,Ile-de-France,France,,,,
John ,1200,Visa,San Jose                    ,CA,United States,,,,
Rich,1200,Visa,Ingelheim-Mitte,Rhineland-Palatinate,Germany,,,,
Kayla,1200,Diners,Leamington Spa,England,United Kingdom,,,,
Richard and Comfort,1200,Visa,Regensdorf,Zurich,Switzerland,,,,
Eric,1200,Visa,Melbourne,Victoria,Australia,,,,
Melissa,1200,Mastercard,Geneve,Geneve,Switzerland,,,,
Dawn,1200,Diners,Vaucluse,New South Wales,Australia,,,,
Tamara,1200,Mastercard,Klosterneuburg,Lower Austria,Austria,,,,
Ashley,1200,Visa,Rancho Cordova              ,CA,United States,,,,
familly ,1200,Visa,Creemore,Ontario,Canada,,,,
Ken,1200,Mastercard,Sidcup,England,United Kingdom,,,,
Tori,1200,Visa,Minneapolis                 ,MN,United States,,,,
Hanne,3600,Mastercard,Phoenix                     ,MD,United States,,,,
Precious,1200,Amex,Edmonton,Alberta,Canada,,,,
Michelle,1200,Visa,Lyndoch,South Australia,Australia,,,,
Paula,1200,Visa,Larchmont                   ,NY,United States,,,,
Stephanie,1200,Visa,Saint Charles               ,IL,United States,,,,
kemp,1200,Visa,Brentwood                   ,TN,United States,,,,
Therese,3600,Diners,Pensacola                   ,FL,United States,,,,
Mona,1200,Diners,Kelowna,British Columbia,Canada,,,,
Caroline,1200,Visa,Toronto,Ontario,Canada,,,,
Andrea,1200,Mastercard,Brondby Strand,Kobenhavn,Denmark,,,,
Pilar,1200,Mastercard,Florence,Tuscany,Italy,,,,
Lisa,1200,Visa,Perth,Western Australia,Australia,,,,
A,1200,Amex,Saint Petersburg            ,FL,United States,,,,
Yvette,1200,Mastercard,Aubonne,Vaud,Switzerland,,,,
Katie,3600,Amex,Gava,Catalonia,Spain,,,,
Nicole,1200,Visa,Mc Lean                     ,VA,United States,,,,
Kelly,1200,Mastercard,Hendersonville              ,TN,United States,,,,
george,3600,Visa,Zurich,Zurich,Switzerland,,,,
Samantha,1200,Mastercard,Watford,England,United Kingdom,,,,
Caterina,1200,Visa,Amsterdam,Noord-Holland,Netherlands,,,,
Kate,1200,Visa,Rochester Hills             ,MI,United States,,,,
Tina,1200,Mastercard,Anglesea,Victoria,Australia,,,,
Emily,1200,Visa,Killarney,New Providence,The Bahamas,,,,
Maricel,1200,Amex,Malibu                      ,CA,United States,,,,
Patricia,1200,Visa,Allen                       ,TX,United States,,,,
steve,1200,Mastercard,Evires,Rhone-Alpes,France,,,,
Darrah,1200,Amex,Den Haag,Zuid-Holland,Netherlands,,,,
Sara,1200,Visa,Perth City,Western Australia,Australia,,,,
Erika,1200,Visa,Redruth,England,United Kingdom,,,,
Audrey,1200,Visa,Bruxelles,Brussels (Bruxelles),Belgium,,,,
Louise,1200,Visa,London,England,United Kingdom,,,,
Karen,1200,Diners,Montreal,Quebec,Canada,,,,
Maki,1200,Amex,Miami Beach                 ,FL,United States,,,,
Peter,1200,Visa,Shankill,Dublin,Ireland,,,,
Ashlee,1200,Diners,Oxford,England,United Kingdom,,,,
Anja,1200,Mastercard,New York                    ,NY,United States,,,,
Ellen Walton ,1200,Visa,Melbourne,Victoria,Australia,,,,
Jessica,1200,Mastercard,Woodland Hills              ,CA,United States,,,,
Wouter and Andrea,1200,Visa,Anchorage                   ,AK,United States,,,,
Pam and Rob,1200,Visa,Yorba Linda                 ,CA,United States,,,,
Elsa,1200,Visa,Waiwera,Auckland,New Zealand,,,,
kathleen kane,1200,Amex,Jamaica Plain               ,MA,United States,,,,
Selene,1200,Diners,Oslo,Oslo,Norway,,,,
Christy,1200,Visa,Setagaya,Tokyo,Japan,,,,
Hanna Agla,3600,Visa,Donauworth,Bayern,Germany,,,,
Elyse,1200,Visa,Bandon,Cork,Ireland,,,,
Alexis,1200,Mastercard,Ehingen an der Donau,Baden-Wurttemberg,Germany,,,,
M George,1200,Visa,Paris,Ile-de-France,France,,,,
John,1200,Visa,Banbury,England,United Kingdom,,,,
cheryl,1200,Visa,Beverly Hills               ,CA,United States,,,,
R,1200,Amex,Danderyd,Stockholm,Sweden,,,,
Charlene ,3600,Visa,Sebastopol                  ,CA,United States,,,,
Cindy,1200,Visa,Glendora                    ,CA,United States,,,,
Ed,1200,Visa,Nacka,Stockholm,Sweden,,,,
Astrid,1200,Mastercard,Canterbury,England,United Kingdom,,,,
Nicole,1200,Visa,Neuchatel,Neuchatel,Switzerland,,,,
Maria Macarena,1200,Visa,Billings                    ,MT,United States,,,,
Maggie,1200,Visa,Libertyville                ,IL,United States,,,,
Christophe,3600,Amex,Temecula                    ,CA,United States,,,,
Manoj,1200,Diners,Boise                       ,ID,United States,,,,
Brenda,1200,Visa,Rock Hill                   ,SC,United States,,,,
Lizelle ,1200,Mastercard,Mililani                    ,HI,United States,,,,
Kees en Valesca,3600,Visa,Scamander,Tasmania,Australia,,,,
Cormac,1200,Visa,Freeport City,Freeport,The Bahamas,,,,
jacqueline,1200,Visa,North Vancouver,British Columbia,Canada,,,,
Martin,1200,Visa,Ludwigsburg,Baden-Wurttemberg,Germany,,,,
Dean,1200,Mastercard,Rockingham,Western Australia,Australia,,,,
VERBENA,1200,Visa,Basel,Basel-Town,Switzerland,,,,
Angel Marie,1200,Mastercard,Den Haag,Zuid-Holland,Netherlands,,,,
olla,1200,Visa,Westminster                 ,CO,United States,,,,
Eman,3600,Visa,Penclawdd,Wales,United Kingdom,,,,
Julia,3600,Visa,Ede,Gelderland,Netherlands,,,,
Sarah,1200,Visa,Plan-les-Ouattes,Geneve,Switzerland,,,,
Esther,1200,Visa,Stocksund,Stockholm,Sweden,,,,
amy,1200,Diners,Stuttgart,Baden-Wurttemberg,Germany,,,,
Jyoti,3600,Mastercard,Tunbridge Wells,England,United Kingdom,,,,
Keri,3600,Visa,Issaquah                    ,WA,United States,,,,
Paul,1200,Diners,Burnaby,British Columbia,Canada,,,,
Attie,1200,Mastercard,Cypress                     ,CA,United States,,,,
odile,1200,Visa,Lititz                      ,PA,United States,,,,
gail ,1200,Visa,London,England,United Kingdom,,,,
Niki,1200,Visa,Chadds Ford                 ,PA,United States,,,,
Danny,3600,Visa,St Thomas                   ,VI,United States,,,,
Sarah,1200,Mastercard,Coppell                     ,TX,United States,,,,
Beckie ,1200,Visa,Ladera Ranch                ,CA,United States,,,,
Maryse,1200,Visa,Rathfarnham,Dublin,Ireland,,,,
don,3600,Mastercard,Cagliari,Sardinia,Italy,,,,
Majken,1200,Visa,Charlottenlund,Kobenhavn,Denmark,,,,
Karen and Andrew,1200,Amex,Munchen,Bayern,Germany,,,,
Katerina,1200,Visa,Firenze,Tuscany,Italy,,,,
Mary,1200,Mastercard,Baile Atha Bui,Meath,Ireland,,,,
Oscar,1200,Visa,Chamonix-Mont-Blanc,Rhone-Alpes,France,,,,
Suejean,1200,Diners,Gingins,Vaud,Switzerland,,,,
ann,1200,Amex,Boca Raton                  ,FL,United States,,,,
Renee,1200,Visa,Chaska                      ,MN,United States,,,,
Catherine,1200,Visa,Hghlnds Ranch               ,CO,United States,,,,
Rhonda,1200,Amex,Atlanta                     ,GA,United States,,,,
alix,1200,Amex,Tenafly                     ,NJ,United States,,,,
Mike,1200,Visa,Aberdeen,Scotland,United Kingdom,,,,
Diane,1200,Visa,Djurgarden,Stockholm,Sweden,,,,
Sigrun,1200,Visa,Nashville                   ,TN,United States,,,,
Dania,1200,Visa,Munich,Bayern,Germany,,,,
Kelsi,3600,Mastercard,Utrecht,Utrecht,Netherlands,,,,
Maria,1200,Visa,Boyceville                  ,WI,United States,,,,
Bent Erik,1200,Visa,Basauri,Pais Vasco,Spain,,,,
Kirsten,1200,Amex,Melbourne,Victoria,Australia,,,,
Dickson,1200,Visa,Kemerburgaz,Istanbul,Turkey,,,,
Howard,1200,Diners,Worcester,England,United Kingdom,,,,
Dana,1200,Visa,Thurles,Tipperary,Ireland,,,,
Nola,1200,Mastercard,Den Haag,Zuid-Holland,Netherlands,,,,
Elizabeth,1200,Visa,Cos Cob                     ,CT,United States,,,,
minjeong,3600,Visa,Bern,Bern,Switzerland,,,,
Matt,1200,Visa,Leicester,England,United Kingdom,,,,
Vanessa,1200,Visa,Cornwall,Ontario,Canada,,,,
Charlotte,3600,Visa,Sterling                    ,VA,United States,,,,
Rowena,1200,Visa,Cork,Cork,Ireland,,,,
Catherine,1200,Visa,Mount Forest,Ontario,Canada,,,,
Sarah,1200,Mastercard,Ridgefield                  ,CT,United States,,,,
sorcha,1200,Visa,Porto Alegre,Rio Grande do Sul,Brazil,,,,
sorcha,1200,Visa,Cartierville,Quebec,Canada,,,,
Mary,1200,Mastercard,Stuttgart,Baden-Wurttemberg,Germany,,,,
Ronja,1200,Visa,Manhattan                   ,NY,United States,,,,
Nicola ,1200,Visa,Sneem,Kerry,Ireland,,,,
BURCAK,1200,Amex,Alpharetta                  ,GA,United States,,,,
isabelle,1200,Visa,Sainte-Therese-de-Blainville,Quebec,Canada,,,,
christy,1200,Mastercard,Germantown                  ,TN,United States,,,,
Lilly,1200,Visa,Castleknock,Dublin,Ireland,,,,
Mandy,1200,Diners,Hono                        ,HI,United States,,,,
Elena,1200,Mastercard,New Rochelle                ,NY,United States,,,,
Lolarae,1200,Visa,Calgary,Alberta,Canada,,,,
Lisa,1200,Mastercard,South Waterford             ,ME,United States,,,,
Nita and Trebor,1200,Mastercard,Washington Township         ,OH,United States,,,,
Jenevieve,1200,Visa,Guelph,Ontario,Canada,,,,
Piret,3600,Mastercard,Bunbury,Western Australia,Australia,,,,
Damian,1200,Mastercard,Mettlach,Saarland,Germany,,,,
Lusell,1200,Mastercard,Oberwil,Basel-Country,Switzerland,,,,
Costanza,1200,Visa,Beykoz,Istanbul,Turkey,,,,
Vanessa,1200,Visa,Arc-et-Senans,Franche-Comte,France,,,,
Evelyn,1200,Diners,Grossbodungen,Thuringia,Germany,,,,
Nicola,1200,Amex,Bruxelles,Brussels (Bruxelles),Belgium,,,,
Simone,1200,Visa,Kilcornan,Limerick,Ireland,,,,
Elisabeth,1200,Mastercard,Wilmington                  ,NC,United States,,,,
Kasey,1200,Visa,Aix-en-Provence,Provence-Alpes-Cote d'Azur,France,,,,
Olympe,3600,Amex,Lidingo,Stockholm,Sweden,,,,
James,1200,Visa,Edmonton,Alberta,Canada,,,,
Alyssa,1200,Visa,Antibes,Provence-Alpes-Cote d'Azur,France,,,,
Reto,1200,Visa,Seattle                     ,WA,United States,,,,
Joelle,1200,Amex,Rowayton                    ,CT,United States,,,,
Nicole,1200,Mastercard,Simcoe,Ontario,Canada,,,,
Alexandria,1200,Mastercard,Lebanon                     ,PA,United States,,,,
Elisabeth,1200,Mastercard,Birkdale,Queensland,Australia,,,,
Ann,1200,Visa,Brisbane,Queensland,Australia,,,,
Olga,1200,Visa,Strasbourg,Alsace,France,,,,
Courtney,1200,Visa,Suchdol,Prague,Czech Republic,,,,
stacy,1200,Visa,Stuttgart,Baden-Wurttemberg,Germany,,,,
Monica,3600,Amex,Villanova                   ,PA,United States,,,,
Michael,3600,Visa,Norrkoping,Ostergotland,Sweden,,,,
Katrin,1200,Visa,Zumikon,Zurich,Switzerland,,,,
Louise,3600,Mastercard,Balgach,St Gallen,Switzerland,,,,
Alfredo A,1200,Amex,Las Vegas                   ,NV,United States,,,,
Kerry,3600,Visa,Prague,Central Bohemia,Czech Republic,,,,
Saeko ,1200,Visa,Warwick                     ,NY,United States,,,,
VIOLETA,3600,Visa,Silver Spring               ,MD,United States,,,,
Antje,1200,Visa,Sacramento                  ,CA,United States,,,,
janet,1200,Visa,Blarney,Cork,Ireland,,,,
claire ,1200,Visa,Ballyneety,Limerick,Ireland,,,,
Nathalie,1200,Mastercard,Haymarket                   ,VA,United States,,,,
Daria,1200,Mastercard,George Town, ,Cayman Isls,,,,
Judith L.,1200,Visa,Scottsdale                  ,AZ,United States,,,,
Audinet,1200,Visa,Cambridge                   ,MA,United States,,,,
William,1200,Visa,Chalfont Saint Peter,England,United Kingdom,,,,
Tatjana and Martin,1200,Diners,Birmingham,England,United Kingdom,,,,
Scott,1200,Mastercard,Den Haag,Zuid-Holland,Netherlands,,,,
Brona,7500,Mastercard,Den Haag,Zuid-Holland,Netherlands,,,,
Andree,1200,Mastercard,Newmarket,Cork,Ireland,,,,
Aziz,1200,Visa,Irpin',Kiev,Ukraine,,,,
Fernando,1200,Visa,Grosseto,Tuscany,Italy,,,,
Jo,1200,Visa,Pembroke Pines              ,FL,United States,,,,
Joern,1200,Visa,Waterford,Ontario,Canada,,,,
Melissa,3600,Visa,Carouge,Geneve,Switzerland,,,,
Melissa,1200,Visa,Chester                     ,CT,United States,,,,
isabela,1200,Mastercard,Reston                      ,VA,United States,,,,
Nacole,1200,Visa,Milan,Lombardy,Italy,,,,
Jennifer,1200,Diners,Vancouver,British Columbia,Canada,,,,
Mary,1200,Diners,Alpharetta                  ,GA,United States,,,,
Lisa,1200,Visa,Ringgold                    ,GA,United States,,,,
Debora ,1200,Diners,Wall                        ,NJ,United States,,,,
Karoline ,3600,Mastercard,Powell River,British Columbia,Canada,,,,
Jo ,3600,Mastercard,Huntington Beach            ,CA,United States,,,,
Kristen,1200,Amex,Los Gatos                   ,CA,United States,,,,
Astrid,3600,Visa,Oslo,Oslo,Norway,,,,
Malinda,1200,Mastercard,Oxford,England,United Kingdom,,,,
Sylvia,1200,Amex,Alexandria                  ,VA,United States,,,,
Jupiterlina Elika,1200,Visa,Rome,Lazio,Italy,,,,
Aniko,1200,Visa,Random Lake                 ,WI,United States,,,,
Petra,1200,Mastercard,San Francisco               ,CA,United States,,,,
Heather,1200,Mastercard,Baluan,General Santos,Philippines,,,,
Kim,1200,Mastercard,Brussels,Brussels (Bruxelles),Belgium,,,,
Ruby,1200,Amex,Bedford Corners             ,NY,United States,,,,
Novy ,1200,Visa,Istanbul,Istanbul,Turkey,,,,
Stephanie,3600,Visa,Hilversum,Noord-Holland,Netherlands,,,,
Tammy,1200,Mastercard,Milford                     ,ME,United States,,,,
Alessandra,1200,Visa,Vancouver,British Columbia,Canada,,,,
Cathy,1200,Mastercard,Kidderminster,England,United Kingdom,,,,
Scott,3600,Visa,Lausanne,Vaud,Switzerland,,,,
dia,1200,Amex,Claygate,England,United Kingdom,,,,
Lauren,1200,Visa,Laasby,Arhus,Denmark,,,,
Line,1200,Visa,Budaors,Pest,Hungary,,,,
Sean,1200,Amex,London,England,United Kingdom,,,,
Sarah,1200,Diners,Santo Domingo City,Distrito Nacional,Dominican Republic,,,,
Brian,1200,Visa,Croton On Hudson            ,NY,United States,,,,
Lesa,1200,Mastercard,Vespasiano,Minas Gerais,Brazil,,,,
james,1200,Mastercard,Nashville                   ,TN,United States,,,,
loudon,1200,Mastercard,Ottawa,Ontario,Canada,,,,
Allison,1200,Mastercard,Naples                      ,FL,United States,,,,
Surat,1200,Mastercard,Bridgewater                 ,NJ,United States,,,,
Judy,3600,Mastercard,Washington                  ,DC,United States,,,,
brian,1200,Diners,Hagen,Lorraine,France,,,,
Rachel,1200,Visa,Taicheng,Guangdong,China,,,,
Hilde,1200,Mastercard,Groningen,Groningen,Netherlands,,,,
Tarja,1200,Mastercard,Villars,Vaud,Switzerland,,,,
Megan,1200,Visa,Huntersville                ,NC,United States,,,,
Charmain,3600,Visa,Cartersburg                 ,IN,United States,,,,
Katharina,1200,Visa,Flower Mound                ,TX,United States,,,,
Zaneta ,1200,Visa,Rochester                   ,MI,United States,,,,
Jeannette,1200,Visa,Dubai,Dubayy,United Arab Emirates,,,,
Liz,3600,Visa,Langnau,Zurich,Switzerland,,,,
Christiane,3600,Mastercard,Mission,British Columbia,Canada,,,,
Cherie,1200,Visa,Columbus                    ,OH,United States,,,,
Shiree,3600,Visa,Clondalkin,Dublin,Ireland,,,,
Tracey,1200,Mastercard,Harold's Cross,Dublin,Ireland,,,,
Scott ,1200,Diners,Sag Harbor                  ,NY,United States,,,,
Frances,1200,Visa,San Diego                   ,CA,United States,,,,
Beatrice,1200,Mastercard,Wilmington                  ,DE,United States,,,,
Jessica,3600,Visa,Toronto,Ontario,Canada,,,,
Alison,1200,Amex,Issaquah                    ,WA,United States,,,,
elaine,1200,Visa,Phuket,Phuket,Thailand,,,,
Chevonne,1200,Visa,Athina,Attiki,Greece,,,,
danielle,1200,Visa,Geneve,Geneve,Switzerland,,,,
Caroline and Jonathan,1200,Mastercard,Chichester,England,United Kingdom,,,,
manuela,1200,Visa,Massagno,Ticino,Switzerland,,,,
Carole,1200,Visa,Cardiff,Wales,United Kingdom,,,,
Ghislaine,3600,Amex,Ferney-Voltaire,Rhone-Alpes,France,,,,
Christian,3600,Visa,Mableton                    ,GA,United States,,,,
Hollie,1200,Visa,San Diego                   ,CA,United States,,,,
mike,1200,Visa,La Louviere,Hainaut,Belgium,,,,
Malahat,1200,Mastercard,Minneapolis                 ,MN,United States,,,,
Michaela,1200,Amex,Mafra,Santa Catarina,Brazil,,,,
Amy,1200,Amex,Ashford,England,United Kingdom,,,,
Brandi,1200,Mastercard,Edmonton,Alberta,Canada,,,,
erin,1200,Visa,London,England,United Kingdom,,,,
Tracy,1200,Diners,Lucca,Tuscany,Italy,,,,
Polyxene,1200,Visa,Perth,Western Australia,Australia,,,,
Jean,3600,Mastercard,Arlington                   ,VA,United States,,,,
Andrea,1200,Diners,Calgary,Alberta,Canada,,,,
Jessica,1200,Mastercard,Chiefland                   ,FL,United States,,,,
David,1200,Mastercard,Stavenger,Rogaland,Norway,,,,
Caroline,3600,Mastercard,Begnins,Vaud,Switzerland,,,,
Riche Lou,1200,Visa,Newton                      ,MA,United States,,,,
Chris,1200,Mastercard,Den Haag,Zuid-Holland,Netherlands,,,,
Karen,3600,Visa,Berikon,Aargau,Switzerland,,,,
melanie,1200,Diners,Santa Barbaraa,Heredia,Costa Rica,,,,
beatrice,1200,Visa,Churra,Murcia,Spain,,,,
lorna,1200,Mastercard,Castle Rock                 ,CO,United States,,,,
Tary,1200,Amex,Zug,Zug,Switzerland,,,,
Julie ,1200,Visa,Ashford,England,United Kingdom,,,,
Julie ,1200,Amex,Rockville                   ,MD,United States,,,,
Jerome,1200,Mastercard,Madrid,Madrid,Spain,,,,
Laleh,1200,Visa,Aasgaardstrand,Vestfold,Norway,,,,
Michael,1200,Visa,Milano,Lombardy,Italy,,,,
Kerry,1200,Visa,Anieres,Geneve,Switzerland,,,,
Anita,7500,Mastercard,Fresno                      ,TX,United States,,,,
Veronique,1200,Mastercard,Fresno                      ,TX,United States,,,,
Sarah,1200,Visa,Warwick,Quebec,Canada,,,,
Simone,1200,Diners,Watford,England,United Kingdom,,,,
Jackie,1200,Visa,Waterford,Waterford,Ireland,,,,
giovanna,1200,Visa,Pruszkow,Mazowieckie,Poland,,,,
Elizabeth,1200,Visa,Hamilton,Hamilton,Bermuda,,,,
Lisa,3600,Visa,Ottawa,Ontario,Canada,,,,
Maki,1200,Mastercard,Montgomery                  ,TX,United States,,,,
Anjan,1200,Amex,Tokyo,Tokyo,Japan,,,,
Sarah,1200,Mastercard,Manteno                     ,IL,United States,,,,
Niamh,1200,Mastercard,Benoni,Gauteng,South Africa,,,,
elizabeth r,3600,Diners,Winter Haven                ,FL,United States,,,,
Elaine,1200,Visa,Tranby,Buskerud,Norway,,,,
Elizabeth,1200,Diners,Cork,Cork,Ireland,,,,
Sara,1200,Visa,Fort Lauderdale             ,FL,United States,,,,
Tulin,3600,Amex,Cranberry Twp               ,PA,United States,,,,
Kenneth,1200,Visa,Arlington                   ,VA,United States,,,,
Fiona,1200,Mastercard,Lake Ronkonkoma,NY,United States,,,,
Christian,1200,Visa,Alexandria                  ,VA,United States,,,,
Michel,7500,Diners,Lipari,Sicilia,Italy,,,,
natalie,7500,Diners,Lipari,Sicilia,Italy,,,,
jure,1200,Diners,Lipari,Sicilia,Italy,,,,
Elizabeth ,1200,Amex,Bluffton                    ,SC,United States,,,,
Juliann,1200,Amex,Winter Spgs                 ,FL,United States,,,,
Julie ,1200,Mastercard,Chelmsford                  ,MA,United States,,,,
philippa katherine,1200,Mastercard,Cabinteely,Dublin,Ireland,,,,
Anthony,3600,Mastercard,Toronto,Ontario,Canada,,,,
matthew,1200,Visa,Cincinnati                  ,OH,United States,,,,
Steven,1200,Visa,Houston                     ,TX,United States,,,,
Angie,1200,Amex,Rodeo                       ,CA,United States,,,,
Lauren,1200,Mastercard,Poughkeepsie                ,NY,United States,,,,
Esther,1200,Mastercard,Cincinnati                  ,OH,United States,,,,
Elizabeth,1200,Visa,North Eastham               ,MA,United States,,,,
marie-louise,3600,Visa,Sitka                       ,AK,United States,,,,
Tanya,3600,Mastercard,Carcross,Yukon Territory,Canada,,,,
Detlev,1200,Mastercard,Taby,Stockholm,Sweden,,,,
Stephen,3600,Visa,Calgary,Alberta,Canada,,,,
Roza,1200,Visa,Alcobendas,Madrid,Spain,,,,
John,3600,Amex,Chicago                     ,IL,United States,,,,
paula,1200,Mastercard,Sammamish                   ,WA,United States,,,,
Kathryn,1200,Visa,Waiau Pa,Auckland,New Zealand,,,,
Isabelle,1200,Mastercard,Ewa Beach                   ,HI,United States,,,,
Maureen,1200,Visa,Statesville                 ,NC,United States,,,,
David,1200,Visa,Kapaa                       ,HI,United States,,,,
caterina,1200,Diners,Burbank                     ,CA,United States,,,,
Parth,3600,Mastercard,Oegstgeest,Zuid-Holland,Netherlands,,,,
Alexia,1200,Visa,Blackrock,Dublin,Ireland,,,,
Gloria Gail ,3600,Mastercard,WalcProduct3ee,Tyrol,Austria,,,,
Gloria Gail ,1200,Visa,Foxrock,Dublin,Ireland,,,,
Cheryl,3600,Mastercard,Hilton Head                 ,SC,United States,,,,
Frank and Christelle,7500,Visa,Valley Center               ,CA,United States,,,,
Triona,3600,Mastercard,Swampscott                  ,MA,United States,,,,
Allison,1200,Visa,Edinburgh,Scotland,United Kingdom,,,,
Phillip,1200,Diners,San Antonio                 ,TX,United States,,,,
jingyan,1200,Visa,Bristol                     ,RI,United States,,,,
clara,3600,Diners,Perth,Western Australia,Australia,,,,
Selma,1200,Mastercard,Greenville                  ,TX,United States,,,,
Doug and Tina,1200,Visa,Pls Vrds Est                ,CA,United States,,,,
Lauren,1200,Visa,Hradec Kralove,East Bohemia,Czech Republic,,,,
Jen,1200,Visa,Maidstone,England,United Kingdom,,,,
gladys,1200,Visa,Saint Albans,England,United Kingdom,,,,
Gustavo,1200,Mastercard,Voluntari,Bucuresti,Romania,,,,
Erica,1200,Visa,Nadur, ,Malta,,,,
Hale,1200,Diners,Morrison                    ,CO,United States,,,,
Rosemary,1200,Visa,Cobham,England,United Kingdom,,,,
Darian,1200,Visa,Izmir,Izmir,Turkey,,,,
Kevin,1200,Mastercard,Hollywood                   ,CA,United States,,,,
Alyssa,1200,Visa,Brighton,England,United Kingdom,,,,
Hale,1200,Visa,Hawera,Taranaki,New Zealand,,,,
KELI,1200,Mastercard,Worongary,Queensland,Australia,,,,
Glen,1200,Visa,Atlantida,Guatemala,Guatemala,,,,
T,1200,Visa,El Escorial,Madrid,Spain,,,,
christal,1200,Visa,Morrison                    ,CO,United States,,,,
Alex,1200,Mastercard,Augusta                     ,GA,United States,,,,
Anke,3600,Mastercard,Avalon,New South Wales,Australia,,,,
TRICIA,3600,Mastercard,Sydney,New South Wales,Australia,,,,
smith,1200,Mastercard,Lahti,Etela-Suomen Laani,Finland,,,,
Macy,1200,Visa,Inner City,Vienna,Austria,,,,
Lesleigh,1200,Mastercard,Baden,Aargau,Switzerland,,,,
esther,3600,Diners,Huddersfield,England,United Kingdom,,,,
Hans-Joerg,1200,Visa,Belfast,Northern Ireland,United Kingdom,,,,
Christiane,3600,Visa,Black River,Black River,Mauritius,,,,
Pamela,7500,Amex,Skaneateles                 ,NY,United States,,,,
julie,1200,Diners,Haverhill,England,United Kingdom,,,,
Julia ,1200,Visa,Madison                     ,WI,United States,,,,